airflow/api/auth/backend/default.py, decorated, (2, ['function', 'wraps'])
airflow/api/auth/backend/deny_all.py, decorated, (2, ['Response', 'wraps'])
airflow/api/client/api_client.py, trigger_dag, (1, ['NotImplementedError'])
airflow/api/client/api_client.py, delete_dag, (1, ['NotImplementedError'])
airflow/api/client/api_client.py, get_pool, (1, ['NotImplementedError'])
airflow/api/client/api_client.py, get_pools, (1, ['NotImplementedError'])
airflow/api/client/api_client.py, create_pool, (1, ['NotImplementedError'])
airflow/api/client/api_client.py, delete_pool, (1, ['NotImplementedError'])
airflow/contrib/example_dags/example_azure_container_instances_operator.py, , (4, ['datetime', 'timedelta', 'DAG', 'AzureContainerInstancesOperator'])
airflow/contrib/example_dags/libs/helper.py, print_stuff, (1, ['print'])
airflow/dag/base_dag.py, dag_id, (1, ['NotImplementedError'])
airflow/dag/base_dag.py, task_ids, (1, ['NotImplementedError'])
airflow/dag/base_dag.py, full_filepath, (1, ['NotImplementedError'])
airflow/dag/base_dag.py, concurrency, (1, ['NotImplementedError'])
airflow/dag/base_dag.py, is_paused, (1, ['NotImplementedError'])
airflow/dag/base_dag.py, dag_ids, (1, ['NotImplementedError'])
airflow/dag/base_dag.py, get_dag, (1, ['NotImplementedError'])
airflow/dag/serialization/json_schema.py, make_operator_schema, (1, ['make_object_schema'])
airflow/dag/serialization/json_schema.py, make_dag_schema, (1, ['make_object_schema'])
airflow/example_dags/example_latest_only.py, , (3, ['DAG', 'LatestOnlyOperator', 'DummyOperator'])
airflow/example_dags/example_latest_only_with_trigger.py, , (6, ['DAG', 'LatestOnlyOperator', 'DummyOperator', 'DummyOperator', 'DummyOperator', 'DummyOperator'])
airflow/example_dags/example_passing_params_via_test_command.py, , (3, ['DAG', 'PythonOperator', 'BashOperator'])
airflow/example_dags/example_passing_params_via_test_command.py, my_py_command, (2, ['print', 'print'])
airflow/example_dags/subdags/subdag.py, subdag, (3, ['DAG', 'range', 'DummyOperator'])
airflow/example_dags/test_utils.py, , (2, ['DAG', 'BashOperator'])
airflow/hooks/__init__.py, _integrate_plugins, (1, ['globals'])
airflow/kubernetes/k8s_model.py, append_to_pod, (1, ['reduce'])
airflow/lineage/backend/__init__.py, send_lineage, (1, ['NotImplementedError'])
airflow/models/dagpickle.py, , (4, ['Column', 'Column', 'Column', 'Column'])
airflow/models/dagpickle.py, __init__, (2, ['hasattr', 'hash'])
airflow/models/errors.py, , (4, ['Column', 'Column', 'Column', 'Column'])
airflow/models/slamiss.py, , (8, ['Column', 'Column', 'Column', 'Column', 'Column', 'Column', 'Column', 'Index'])
airflow/models/slamiss.py, __repr__, (1, ['str'])
airflow/models/taskfail.py, , (8, ['Column', 'Column', 'Column', 'Column', 'Column', 'Column', 'Column', 'Index'])
airflow/models/taskfail.py, __init__, (1, ['int'])
airflow/operators/__init__.py, _integrate_plugins, (1, ['globals'])
airflow/sensors/__init__.py, _integrate_plugins, (1, ['globals'])
airflow/ti_deps/dep_context.py, __init__, (1, ['set'])
airflow/ti_deps/dep_context.py, , (22, ['RunnableExecDateDep', 'ValidStateDep', 'DagTISlotsAvailableDep', 'TaskConcurrencyDep', 'PoolSlotsAvailableDep', 'RunnableExecDateDep', 'ValidStateDep', 'DagTISlotsAvailableDep', 'TaskConcurrencyDep', 'PoolSlotsAvailableDep', 'RunnableExecDateDep', 'ValidStateDep', 'DagrunRunningDep', 'RunnableExecDateDep', 'ValidStateDep', 'DagTISlotsAvailableDep', 'TaskConcurrencyDep', 'PoolSlotsAvailableDep', 'DagrunRunningDep', 'DagrunIdDep', 'DagUnpausedDep', 'ExecDateAfterStartDateDep'])
